driver_key,date,value
rare_earth_index,2021-09-01,100.0
rare_earth_index,2021-10-01,101.3142
rare_earth_index,2021-11-01,98.5585
rare_earth_index,2021-12-01,101.1716
rare_earth_index,2022-01-01,104.431
rare_earth_index,2022-02-01,98.7363
rare_earth_index,2022-03-01,95.2741
rare_earth_index,2022-04-01,96.0206
rare_earth_index,2022-05-01,95.4937
rare_earth_index,2022-06-01,95.8275
rare_earth_index,2022-07-01,93.7585
rare_earth_index,2022-08-01,96.607
rare_earth_index,2022-09-01,99.2477
rare_earth_index,2022-10-01,99.8413
rare_earth_index,2022-11-01,103.617
rare_earth_index,2022-12-01,105.4847
rare_earth_index,2023-01-01,103.1874
rare_earth_index,2023-02-01,104.7416
rare_earth_index,2023-03-01,102.1476
rare_earth_index,2023-04-01,105.2481
rare_earth_index,2023-05-01,105.5114
rare_earth_index,2023-06-01,105.3483
rare_earth_index,2023-07-01,103.6177
rare_earth_index,2023-08-01,107.8325
rare_earth_index,2023-09-01,107.7639
rare_earth_index,2023-10-01,106.8102
rare_earth_index,2023-11-01,106.1091
rare_earth_index,2023-12-01,108.228
rare_earth_index,2024-01-01,109.8475
rare_earth_index,2024-02-01,111.647
rare_earth_index,2024-03-01,113.5366
rare_earth_index,2024-04-01,121.2854
rare_earth_index,2024-05-01,120.2918
rare_earth_index,2024-06-01,118.9244
rare_earth_index,2024-07-01,116.4967
rare_earth_index,2024-08-01,119.1155
rare_earth_index,2024-09-01,123.6263
rare_earth_index,2024-10-01,123.6982
rare_earth_index,2024-11-01,121.0752
rare_earth_index,2024-12-01,118.5648
rare_earth_index,2025-01-01,121.3532
rare_earth_index,2025-02-01,124.5445
rare_earth_index,2025-03-01,127.0721
rare_earth_index,2025-04-01,125.0433
rare_earth_index,2025-05-01,126.4144
rare_earth_index,2025-06-01,127.3626
rare_earth_index,2025-07-01,128.7076
rare_earth_index,2025-08-01,132.5872
rare_earth_index,2025-09-01,134.007
rare_earth_index,2025-10-01,137.2724
rare_earth_index,2025-11-01,138.0998
rare_earth_index,2025-12-01,139.85
rare_earth_index,2026-01-01,143.058
rare_earth_index,2026-02-01,137.3765
rare_earth_index,2026-03-01,136.6085
rare_earth_index,2026-04-01,135.2272
rare_earth_index,2026-05-01,133.1763
rare_earth_index,2026-06-01,132.6098
rare_earth_index,2026-07-01,139.0875
rare_earth_index,2026-08-01,136.0311
energy_price_index,2021-09-01,100.0
energy_price_index,2021-10-01,102.7207
energy_price_index,2021-11-01,98.7072
energy_price_index,2021-12-01,98.177
energy_price_index,2022-01-01,98.8709
energy_price_index,2022-02-01,100.6166
energy_price_index,2022-03-01,102.7074
energy_price_index,2022-04-01,105.0526
energy_price_index,2022-05-01,104.4519
energy_price_index,2022-06-01,103.558
energy_price_index,2022-07-01,106.0899
energy_price_index,2022-08-01,105.9008
energy_price_index,2022-09-01,102.8411
energy_price_index,2022-10-01,100.2359
energy_price_index,2022-11-01,98.2325
energy_price_index,2022-12-01,99.7482
energy_price_index,2023-01-01,100.4026
energy_price_index,2023-02-01,102.4369
energy_price_index,2023-03-01,101.6501
energy_price_index,2023-04-01,102.3579
energy_price_index,2023-05-01,104.2659
energy_price_index,2023-06-01,103.7723
energy_price_index,2023-07-01,105.2686
energy_price_index,2023-08-01,103.8424
energy_price_index,2023-09-01,103.2115
energy_price_index,2023-10-01,102.5361
energy_price_index,2023-11-01,99.7783
energy_price_index,2023-12-01,101.2924
energy_price_index,2024-01-01,100.4076
energy_price_index,2024-02-01,100.7401
energy_price_index,2024-03-01,102.2531
energy_price_index,2024-04-01,103.7014
energy_price_index,2024-05-01,105.7375
energy_price_index,2024-06-01,105.7944
energy_price_index,2024-07-01,104.9922
energy_price_index,2024-08-01,105.0979
energy_price_index,2024-09-01,100.9798
energy_price_index,2024-10-01,97.6295
energy_price_index,2024-11-01,94.6941
energy_price_index,2024-12-01,92.6173
energy_price_index,2025-01-01,93.8208
energy_price_index,2025-02-01,91.9785
energy_price_index,2025-03-01,91.3848
energy_price_index,2025-04-01,94.6272
energy_price_index,2025-05-01,94.0683
energy_price_index,2025-06-01,96.0849
energy_price_index,2025-07-01,94.1305
energy_price_index,2025-08-01,93.9295
energy_price_index,2025-09-01,91.9804
energy_price_index,2025-10-01,91.4767
energy_price_index,2025-11-01,93.6728
energy_price_index,2025-12-01,89.9088
energy_price_index,2026-01-01,91.155
energy_price_index,2026-02-01,91.9702
energy_price_index,2026-03-01,90.88
energy_price_index,2026-04-01,87.8672
energy_price_index,2026-05-01,88.2893
energy_price_index,2026-06-01,87.3854
energy_price_index,2026-07-01,88.1559
energy_price_index,2026-08-01,88.4685
freight_index,2021-09-01,100.0
freight_index,2021-10-01,106.5071
freight_index,2021-11-01,105.5939
freight_index,2021-12-01,101.3765
freight_index,2022-01-01,102.2048
freight_index,2022-02-01,103.2064
freight_index,2022-03-01,108.9207
freight_index,2022-04-01,112.6681
freight_index,2022-05-01,114.3891
freight_index,2022-06-01,121.1989
freight_index,2022-07-01,115.557
freight_index,2022-08-01,112.7155
freight_index,2022-09-01,108.6506
freight_index,2022-10-01,107.0651
freight_index,2022-11-01,101.2764
freight_index,2022-12-01,103.9507
freight_index,2023-01-01,103.1306
freight_index,2023-02-01,97.1664
freight_index,2023-03-01,93.3163
freight_index,2023-04-01,94.5799
freight_index,2023-05-01,97.8453
freight_index,2023-06-01,105.7579
freight_index,2023-07-01,118.1902
freight_index,2023-08-01,120.2676
freight_index,2023-09-01,115.6275
freight_index,2023-10-01,105.8822
freight_index,2023-11-01,107.1219
freight_index,2023-12-01,103.7457
freight_index,2024-01-01,102.1258
freight_index,2024-02-01,99.7275
freight_index,2024-03-01,99.2656
freight_index,2024-04-01,103.5974
freight_index,2024-05-01,104.3518
freight_index,2024-06-01,103.794
freight_index,2024-07-01,99.598
freight_index,2024-08-01,93.0258
freight_index,2024-09-01,91.3093
freight_index,2024-10-01,91.2041
freight_index,2024-11-01,97.7451
freight_index,2024-12-01,98.3521
freight_index,2025-01-01,102.3167
freight_index,2025-02-01,100.3755
freight_index,2025-03-01,95.7183
freight_index,2025-04-01,92.1189
freight_index,2025-05-01,89.5387
freight_index,2025-06-01,97.2515
freight_index,2025-07-01,94.1535
freight_index,2025-08-01,97.4055
freight_index,2025-09-01,93.9849
freight_index,2025-10-01,97.5811
freight_index,2025-11-01,99.1812
freight_index,2025-12-01,98.659
freight_index,2026-01-01,98.5967
freight_index,2026-02-01,96.1129
freight_index,2026-03-01,97.924
freight_index,2026-04-01,96.2398
freight_index,2026-05-01,91.6179
freight_index,2026-06-01,87.0263
freight_index,2026-07-01,87.7141
freight_index,2026-08-01,93.3421
fx_index,2021-09-01,100.0
fx_index,2021-10-01,100.29
fx_index,2021-11-01,100.1617
fx_index,2021-12-01,100.6412
fx_index,2022-01-01,102.6631
fx_index,2022-02-01,103.0522
fx_index,2022-03-01,102.4685
fx_index,2022-04-01,104.2202
fx_index,2022-05-01,104.9426
fx_index,2022-06-01,107.4125
fx_index,2022-07-01,107.7615
fx_index,2022-08-01,105.8361
fx_index,2022-09-01,103.717
fx_index,2022-10-01,106.3373
fx_index,2022-11-01,109.1398
fx_index,2022-12-01,108.9005
fx_index,2023-01-01,108.329
fx_index,2023-02-01,110.7579
fx_index,2023-03-01,108.9741
fx_index,2023-04-01,107.566
fx_index,2023-05-01,108.6578
fx_index,2023-06-01,108.069
fx_index,2023-07-01,108.1147
fx_index,2023-08-01,107.9037
fx_index,2023-09-01,108.5041
fx_index,2023-10-01,110.8491
fx_index,2023-11-01,111.0551
fx_index,2023-12-01,112.1833
fx_index,2024-01-01,108.7895
fx_index,2024-02-01,108.7644
fx_index,2024-03-01,107.4431
fx_index,2024-04-01,105.5325
fx_index,2024-05-01,104.1952
fx_index,2024-06-01,103.7251
fx_index,2024-07-01,105.2019
fx_index,2024-08-01,103.1615
fx_index,2024-09-01,103.2604
fx_index,2024-10-01,102.5621
fx_index,2024-11-01,102.1093
fx_index,2024-12-01,103.6962
fx_index,2025-01-01,104.5851
fx_index,2025-02-01,106.7355
fx_index,2025-03-01,106.5415
fx_index,2025-04-01,105.4825
fx_index,2025-05-01,105.1811
fx_index,2025-06-01,105.6163
fx_index,2025-07-01,105.9488
fx_index,2025-08-01,104.2784
fx_index,2025-09-01,104.4721
fx_index,2025-10-01,104.882
fx_index,2025-11-01,108.895
fx_index,2025-12-01,112.0151
fx_index,2026-01-01,110.6375
fx_index,2026-02-01,110.2159
fx_index,2026-03-01,107.8516
fx_index,2026-04-01,106.9499
fx_index,2026-05-01,107.5097
fx_index,2026-06-01,109.508
fx_index,2026-07-01,108.3652
fx_index,2026-08-01,107.3561
chemical_feedstock_index,2021-09-01,100.0
chemical_feedstock_index,2021-10-01,93.7581
chemical_feedstock_index,2021-11-01,93.4881
chemical_feedstock_index,2021-12-01,90.6954
chemical_feedstock_index,2022-01-01,89.4363
chemical_feedstock_index,2022-02-01,87.2624
chemical_feedstock_index,2022-03-01,87.1902
chemical_feedstock_index,2022-04-01,82.7669
chemical_feedstock_index,2022-05-01,79.2897
chemical_feedstock_index,2022-06-01,84.5131
chemical_feedstock_index,2022-07-01,81.418
chemical_feedstock_index,2022-08-01,78.9019
chemical_feedstock_index,2022-09-01,83.4078
chemical_feedstock_index,2022-10-01,90.8438
chemical_feedstock_index,2022-11-01,87.8326
chemical_feedstock_index,2022-12-01,87.0379
chemical_feedstock_index,2023-01-01,88.1038
chemical_feedstock_index,2023-02-01,92.8492
chemical_feedstock_index,2023-03-01,90.286
chemical_feedstock_index,2023-04-01,89.8022
chemical_feedstock_index,2023-05-01,92.076
chemical_feedstock_index,2023-06-01,93.4611
chemical_feedstock_index,2023-07-01,92.5934
chemical_feedstock_index,2023-08-01,92.4068
chemical_feedstock_index,2023-09-01,88.7802
chemical_feedstock_index,2023-10-01,88.3234
chemical_feedstock_index,2023-11-01,87.7942
chemical_feedstock_index,2023-12-01,88.5813
chemical_feedstock_index,2024-01-01,87.2827
chemical_feedstock_index,2024-02-01,88.6919
chemical_feedstock_index,2024-03-01,91.5639
chemical_feedstock_index,2024-04-01,92.174
chemical_feedstock_index,2024-05-01,93.331
chemical_feedstock_index,2024-06-01,93.6665
chemical_feedstock_index,2024-07-01,93.8541
chemical_feedstock_index,2024-08-01,92.0102
chemical_feedstock_index,2024-09-01,93.0678
chemical_feedstock_index,2024-10-01,92.9823
chemical_feedstock_index,2024-11-01,99.0071
chemical_feedstock_index,2024-12-01,103.8783
chemical_feedstock_index,2025-01-01,105.2885
chemical_feedstock_index,2025-02-01,103.0889
chemical_feedstock_index,2025-03-01,99.8547
chemical_feedstock_index,2025-04-01,103.6227
chemical_feedstock_index,2025-05-01,104.6467
chemical_feedstock_index,2025-06-01,106.3634
chemical_feedstock_index,2025-07-01,101.0093
chemical_feedstock_index,2025-08-01,104.0217
chemical_feedstock_index,2025-09-01,105.6478
chemical_feedstock_index,2025-10-01,102.3397
chemical_feedstock_index,2025-11-01,101.0967
chemical_feedstock_index,2025-12-01,102.0987
chemical_feedstock_index,2026-01-01,102.4636
chemical_feedstock_index,2026-02-01,101.7705
chemical_feedstock_index,2026-03-01,101.658
chemical_feedstock_index,2026-04-01,101.0929
chemical_feedstock_index,2026-05-01,101.7578
chemical_feedstock_index,2026-06-01,106.4533
chemical_feedstock_index,2026-07-01,98.4694
chemical_feedstock_index,2026-08-01,97.9666
copper_lme_index,2021-09-01,100.0
copper_lme_index,2021-10-01,100.9678
copper_lme_index,2021-11-01,102.3672
copper_lme_index,2021-12-01,101.393
copper_lme_index,2022-01-01,95.5137
copper_lme_index,2022-02-01,96.9444
copper_lme_index,2022-03-01,103.1447
copper_lme_index,2022-04-01,97.9684
copper_lme_index,2022-05-01,101.2733
copper_lme_index,2022-06-01,100.4632
copper_lme_index,2022-07-01,100.5992
copper_lme_index,2022-08-01,97.2441
copper_lme_index,2022-09-01,96.4461
copper_lme_index,2022-10-01,101.1721
copper_lme_index,2022-11-01,103.5894
copper_lme_index,2022-12-01,110.2327
copper_lme_index,2023-01-01,115.1612
copper_lme_index,2023-02-01,117.334
copper_lme_index,2023-03-01,124.9065
copper_lme_index,2023-04-01,127.2628
copper_lme_index,2023-05-01,131.3963
copper_lme_index,2023-06-01,130.4923
copper_lme_index,2023-07-01,131.2529
copper_lme_index,2023-08-01,128.5084
copper_lme_index,2023-09-01,133.4092
copper_lme_index,2023-10-01,128.3742
copper_lme_index,2023-11-01,132.3387
copper_lme_index,2023-12-01,131.9188
copper_lme_index,2024-01-01,137.7884
copper_lme_index,2024-02-01,141.8918
copper_lme_index,2024-03-01,151.4301
copper_lme_index,2024-04-01,155.8333
copper_lme_index,2024-05-01,147.8045
copper_lme_index,2024-06-01,147.9755
copper_lme_index,2024-07-01,142.4234
copper_lme_index,2024-08-01,140.3383
copper_lme_index,2024-09-01,148.2524
copper_lme_index,2024-10-01,152.0794
copper_lme_index,2024-11-01,148.8914
copper_lme_index,2024-12-01,144.1298
copper_lme_index,2025-01-01,144.7997
copper_lme_index,2025-02-01,139.141
copper_lme_index,2025-03-01,136.3595
copper_lme_index,2025-04-01,138.3259
copper_lme_index,2025-05-01,144.4034
copper_lme_index,2025-06-01,147.9855
copper_lme_index,2025-07-01,136.6358
copper_lme_index,2025-08-01,138.5695
copper_lme_index,2025-09-01,139.4039
copper_lme_index,2025-10-01,141.9112
copper_lme_index,2025-11-01,150.4355
copper_lme_index,2025-12-01,140.0985
copper_lme_index,2026-01-01,137.6904
copper_lme_index,2026-02-01,141.02
copper_lme_index,2026-03-01,133.7073
copper_lme_index,2026-04-01,141.0824
copper_lme_index,2026-05-01,143.3951
copper_lme_index,2026-06-01,148.1458
copper_lme_index,2026-07-01,145.7039
copper_lme_index,2026-08-01,150.3638
specialty_polymer_feedstock_index,2021-09-01,100.0
specialty_polymer_feedstock_index,2021-10-01,105.6424
specialty_polymer_feedstock_index,2021-11-01,107.1894
specialty_polymer_feedstock_index,2021-12-01,108.7672
specialty_polymer_feedstock_index,2022-01-01,110.5637
specialty_polymer_feedstock_index,2022-02-01,106.1227
specialty_polymer_feedstock_index,2022-03-01,105.6583
specialty_polymer_feedstock_index,2022-04-01,105.1695
specialty_polymer_feedstock_index,2022-05-01,107.501
specialty_polymer_feedstock_index,2022-06-01,113.1976
specialty_polymer_feedstock_index,2022-07-01,107.5461
specialty_polymer_feedstock_index,2022-08-01,107.1965
specialty_polymer_feedstock_index,2022-09-01,115.4584
specialty_polymer_feedstock_index,2022-10-01,111.5121
specialty_polymer_feedstock_index,2022-11-01,107.2621
specialty_polymer_feedstock_index,2022-12-01,108.6689
specialty_polymer_feedstock_index,2023-01-01,113.5828
specialty_polymer_feedstock_index,2023-02-01,113.9884
specialty_polymer_feedstock_index,2023-03-01,121.9047
specialty_polymer_feedstock_index,2023-04-01,127.4928
specialty_polymer_feedstock_index,2023-05-01,133.2416
specialty_polymer_feedstock_index,2023-06-01,137.3329
specialty_polymer_feedstock_index,2023-07-01,153.728
specialty_polymer_feedstock_index,2023-08-01,152.6123
specialty_polymer_feedstock_index,2023-09-01,137.782
specialty_polymer_feedstock_index,2023-10-01,149.2472
specialty_polymer_feedstock_index,2023-11-01,146.2794
specialty_polymer_feedstock_index,2023-12-01,147.5073
specialty_polymer_feedstock_index,2024-01-01,157.6082
specialty_polymer_feedstock_index,2024-02-01,145.4546
specialty_polymer_feedstock_index,2024-03-01,136.7881
specialty_polymer_feedstock_index,2024-04-01,126.2466
specialty_polymer_feedstock_index,2024-05-01,121.6125
specialty_polymer_feedstock_index,2024-06-01,124.6506
specialty_polymer_feedstock_index,2024-07-01,128.2916
specialty_polymer_feedstock_index,2024-08-01,130.4487
specialty_polymer_feedstock_index,2024-09-01,121.6253
specialty_polymer_feedstock_index,2024-10-01,107.9419
specialty_polymer_feedstock_index,2024-11-01,108.559
specialty_polymer_feedstock_index,2024-12-01,106.3239
specialty_polymer_feedstock_index,2025-01-01,109.0851
specialty_polymer_feedstock_index,2025-02-01,113.241
specialty_polymer_feedstock_index,2025-03-01,114.3634
specialty_polymer_feedstock_index,2025-04-01,119.0531
specialty_polymer_feedstock_index,2025-05-01,120.7747
specialty_polymer_feedstock_index,2025-06-01,124.3379
specialty_polymer_feedstock_index,2025-07-01,120.33
specialty_polymer_feedstock_index,2025-08-01,119.6104
specialty_polymer_feedstock_index,2025-09-01,121.1461
specialty_polymer_feedstock_index,2025-10-01,126.4797
specialty_polymer_feedstock_index,2025-11-01,124.3691
specialty_polymer_feedstock_index,2025-12-01,127.9831
specialty_polymer_feedstock_index,2026-01-01,126.6659
specialty_polymer_feedstock_index,2026-02-01,126.3014
specialty_polymer_feedstock_index,2026-03-01,131.9188
specialty_polymer_feedstock_index,2026-04-01,119.1685
specialty_polymer_feedstock_index,2026-05-01,111.801
specialty_polymer_feedstock_index,2026-06-01,103.851
specialty_polymer_feedstock_index,2026-07-01,92.0451
specialty_polymer_feedstock_index,2026-08-01,89.1997
